po_id,product_id,store_id,expire_date,expired_qty,cost_per_unit,loss_value_thb,reason
PO-0002,SKU-0059,STORE-0005,2023-05-27,5,21.47,107.35,no_markdown_applied
PO-0003,SKU-0079,STORE-0004,2024-08-29,12,5.67,68.04,no_markdown_applied
PO-0004,SKU-0076,STORE-0004,2024-05-13,12,71.61,859.32,late_markdown
PO-0005,SKU-0058,STORE-0005,2023-04-19,12,28.79,345.48,no_markdown_applied
PO-0006,SKU-0064,STORE-0003,2024-02-07,5,71.71,358.55,demand_lower_than_expected
PO-0007,SKU-0034,STORE-0005,2024-08-12,1,8.93,8.93,no_markdown_applied
PO-0008,SKU-0067,STORE-0006,2023-11-19,6,10.54,63.24,no_markdown_applied
PO-0009,SKU-0031,STORE-0002,2024-08-28,44,51.38,2260.72,late_markdown
PO-0011,SKU-0075,STORE-0004,2023-11-12,4,46.13,184.52,late_markdown
PO-0012,SKU-0071,STORE-0004,2024-01-10,5,43.43,217.15,no_markdown_applied
PO-0013,SKU-0030,STORE-0001,2023-10-25,2,14.51,29.02,late_markdown
PO-0014,SKU-0024,STORE-0009,2024-05-15,1,22.25,22.25,no_markdown_applied
PO-0015,SKU-0068,STORE-0005,2023-12-23,2,41.9,83.8,no_markdown_applied
PO-0016,SKU-0047,STORE-0009,2023-07-31,1,7.13,7.13,demand_lower_than_expected
PO-0017,SKU-0006,STORE-0010,2024-07-11,3,80.21,240.63,no_markdown_applied
PO-0018,SKU-0063,STORE-0001,2023-05-29,8,9.27,74.16,demand_lower_than_expected
PO-0019,SKU-0057,STORE-0007,2023-11-27,2,6.69,13.38,no_markdown_applied
PO-0020,SKU-0009,STORE-0001,2023-10-09,28,46.54,1303.12,late_markdown
PO-0021,SKU-0073,STORE-0002,2023-03-14,18,6.32,113.76,demand_lower_than_expected
PO-0022,SKU-0054,STORE-0004,2023-07-11,3,8.24,24.72,demand_lower_than_expected
PO-0023,SKU-0049,STORE-0010,2023-10-03,19,43.27,822.13,demand_lower_than_expected
PO-0024,SKU-0080,STORE-0009,2024-03-28,6,54.69,328.14,late_markdown
PO-0025,SKU-0028,STORE-0006,2023-05-26,2,10.74,21.48,late_markdown
PO-0026,SKU-0010,STORE-0001,2023-11-06,2,14.02,28.04,no_markdown_applied
PO-0027,SKU-0030,STORE-0002,2024-05-16,5,14.42,72.1,no_markdown_applied
PO-0028,SKU-0030,STORE-0001,2024-04-26,5,14.92,74.6,no_markdown_applied
PO-0029,SKU-0070,STORE-0003,2023-08-06,4,55.63,222.52,late_markdown
PO-0030,SKU-0022,STORE-0009,2023-06-12,39,4.29,167.31,no_markdown_applied
PO-0031,SKU-0016,STORE-0009,2025-02-07,12,20.03,240.36,demand_lower_than_expected
PO-0032,SKU-0070,STORE-0008,2024-03-01,10,50.43,504.3,late_markdown
PO-0033,SKU-0042,STORE-0004,2023-03-04,4,6.94,27.76,late_markdown
PO-0034,SKU-0074,STORE-0008,2023-10-04,3,22.32,66.96,late_markdown
PO-0035,SKU-0023,STORE-0005,2023-12-13,28,78.93,2210.04,no_markdown_applied
PO-0036,SKU-0056,STORE-0007,2023-12-15,3,15.09,45.27,demand_lower_than_expected
PO-0037,SKU-0043,STORE-0003,2025-05-03,10,84.56,845.6,no_markdown_applied
PO-0038,SKU-0064,STORE-0006,2023-12-19,2,84.28,168.56,demand_lower_than_expected
PO-0039,SKU-0012,STORE-0003,2025-07-19,4,41.22,164.88,no_markdown_applied
PO-0040,SKU-0001,STORE-0008,2024-04-28,10,42.6,426.0,no_markdown_applied
PO-0041,SKU-0067,STORE-0004,2024-03-31,7,13.89,97.23,no_markdown_applied
PO-0042,SKU-0027,STORE-0008,2024-04-18,11,80.06,880.66,late_markdown
PO-0043,SKU-0016,STORE-0003,2024-10-03,3,22.52,67.56,late_markdown
PO-0044,SKU-0040,STORE-0002,2024-03-14,5,10.09,50.45,demand_lower_than_expected
PO-0045,SKU-0015,STORE-0005,2023-04-18,12,31.2,374.4,demand_lower_than_expected
PO-0046,SKU-0038,STORE-0009,2023-06-23,3,39.77,119.31,no_markdown_applied
PO-0047,SKU-0059,STORE-0004,2024-06-17,1,21.37,21.37,no_markdown_applied
PO-0048,SKU-0018,STORE-0002,2024-06-24,17,37.15,631.55,demand_lower_than_expected
PO-0049,SKU-0035,STORE-0005,2024-02-27,6,27.64,165.84,demand_lower_than_expected
PO-0050,SKU-0063,STORE-0010,2023-11-20,20,6.56,131.2,demand_lower_than_expected
PO-0051,SKU-0071,STORE-0003,2024-05-31,19,47.69,906.11,no_markdown_applied
PO-0052,SKU-0031,STORE-0002,2024-05-29,28,49.08,1374.24,no_markdown_applied
PO-0053,SKU-0061,STORE-0009,2023-04-22,22,15.71,345.62,late_markdown
PO-0054,SKU-0020,STORE-0003,2024-02-19,2,9.62,19.24,no_markdown_applied
PO-0055,SKU-0013,STORE-0007,2024-06-23,15,54.4,816.0,no_markdown_applied
PO-0056,SKU-0019,STORE-0002,2024-07-31,3,30.27,90.81,no_markdown_applied
PO-0057,SKU-0034,STORE-0005,2024-03-26,2,10.56,21.12,late_markdown
PO-0058,SKU-0069,STORE-0010,2023-04-07,4,44.06,176.24,no_markdown_applied
PO-0059,SKU-0080,STORE-0009,2024-05-31,4,45.41,181.64,late_markdown
PO-0060,SKU-0012,STORE-0009,2024-10-26,6,57.37,344.22,late_markdown
PO-0061,SKU-0039,STORE-0010,2024-04-21,6,6.17,37.02,no_markdown_applied
PO-0062,SKU-0056,STORE-0010,2024-01-03,1,11.53,11.53,demand_lower_than_expected
PO-0063,SKU-0024,STORE-0007,2025-08-14,1,21.74,21.74,late_markdown
PO-0064,SKU-0031,STORE-0001,2024-08-05,36,62.19,2238.84,demand_lower_than_expected
PO-0065,SKU-0033,STORE-0007,2023-09-18,1,16.23,16.23,no_markdown_applied
PO-0066,SKU-0070,STORE-0006,2024-05-04,5,41.43,207.15,late_markdown
PO-0067,SKU-0033,STORE-0008,2023-11-29,3,21.4,64.2,late_markdown
PO-0068,SKU-0031,STORE-0008,2024-08-05,16,53.76,860.16,late_markdown
PO-0069,SKU-0003,STORE-0010,2024-11-11,4,50.25,201.0,demand_lower_than_expected
PO-0070,SKU-0007,STORE-0007,2024-01-20,6,11.14,66.84,demand_lower_than_expected
PO-0071,SKU-0046,STORE-0006,2023-09-11,6,19.57,117.42,late_markdown
PO-0072,SKU-0018,STORE-0001,2023-10-03,26,37.76,981.76,late_markdown
PO-0073,SKU-0057,STORE-0008,2023-03-18,1,8.17,8.17,late_markdown
PO-0074,SKU-0038,STORE-0002,2023-05-25,2,40.49,80.98,late_markdown
PO-0075,SKU-0070,STORE-0007,2023-08-05,29,63.64,1845.56,demand_lower_than_expected
PO-0076,SKU-0022,STORE-0004,2024-06-17,14,5.66,79.24,late_markdown
PO-0077,SKU-0044,STORE-0004,2024-11-11,11,42.45,466.95,no_markdown_applied
PO-0078,SKU-0051,STORE-0004,2023-12-05,52,11.42,593.84,no_markdown_applied
PO-0079,SKU-0002,STORE-0007,2023-05-17,7,13.35,93.45,late_markdown
PO-0080,SKU-0034,STORE-0001,2025-01-24,3,9.41,28.23,demand_lower_than_expected
PO-0081,SKU-0030,STORE-0010,2024-02-02,7,10.16,71.12,demand_lower_than_expected
PO-0082,SKU-0009,STORE-0005,2023-12-27,38,53.93,2049.34,demand_lower_than_expected
PO-0083,SKU-0015,STORE-0008,2023-11-25,2,20.16,40.32,demand_lower_than_expected
PO-0084,SKU-0013,STORE-0002,2023-12-01,11,55.34,608.74,demand_lower_than_expected
PO-0085,SKU-0070,STORE-0002,2024-02-18,14,54.14,757.96,late_markdown
PO-0086,SKU-0013,STORE-0007,2023-06-30,30,46.49,1394.7,late_markdown
PO-0087,SKU-0048,STORE-0006,2023-12-15,3,12.77,38.31,late_markdown
PO-0088,SKU-0048,STORE-0005,2024-03-10,9,15.64,140.76,late_markdown
PO-0089,SKU-0036,STORE-0004,2024-02-04,5,22.47,112.35,no_markdown_applied
PO-0091,SKU-0073,STORE-0005,2023-09-25,7,6.26,43.82,demand_lower_than_expected
PO-0092,SKU-0030,STORE-0006,2023-08-26,5,14.84,74.2,demand_lower_than_expected
PO-0093,SKU-0019,STORE-0001,2023-02-08,3,26.22,78.66,demand_lower_than_expected
PO-0094,SKU-0004,STORE-0005,2023-05-12,4,14.13,56.52,demand_lower_than_expected
PO-0095,SKU-0034,STORE-0002,2024-11-29,1,8.2,8.2,late_markdown
PO-0096,SKU-0009,STORE-0001,2024-07-09,18,45.57,820.26,no_markdown_applied
PO-0097,SKU-0058,STORE-0010,2024-07-04,14,22.31,312.34,late_markdown
PO-0098,SKU-0067,STORE-0006,2023-03-29,10,12.86,128.6,no_markdown_applied
PO-0099,SKU-0052,STORE-0001,2023-04-12,1,5.14,5.14,late_markdown
PO-0100,SKU-0011,STORE-0006,2024-06-01,5,13.8,69.0,late_markdown
PO-0101,SKU-0075,STORE-0004,2023-07-15,5,51.45,257.25,late_markdown
PO-0102,SKU-0065,STORE-0010,2024-07-17,29,7.61,220.69,late_markdown
PO-0103,SKU-0071,STORE-0005,2023-05-24,8,54.86,438.88,demand_lower_than_expected
PO-0104,SKU-0044,STORE-0006,2025-04-12,8,50.82,406.56,late_markdown
PO-0105,SKU-0041,STORE-0010,2023-06-14,3,45.91,137.73,demand_lower_than_expected
PO-0106,SKU-0011,STORE-0007,2024-07-02,4,12.7,50.8,no_markdown_applied
PO-0108,SKU-0016,STORE-0010,2025-02-01,9,17.09,153.81,no_markdown_applied
PO-0109,SKU-0037,STORE-0004,2024-04-21,9,47.33,425.97,late_markdown
PO-0110,SKU-0020,STORE-0002,2024-08-31,4,7.81,31.24,no_markdown_applied
PO-0111,SKU-0015,STORE-0007,2024-01-11,11,23.01,253.11,late_markdown
PO-0112,SKU-0080,STORE-0008,2024-04-01,37,56.31,2083.47,demand_lower_than_expected
PO-0114,SKU-0001,STORE-0009,2024-01-19,3,42.61,127.83,late_markdown
PO-0115,SKU-0004,STORE-0001,2024-02-25,5,20.53,102.65,late_markdown
PO-0116,SKU-0044,STORE-0002,2025-01-28,2,48.76,97.52,demand_lower_than_expected
PO-0118,SKU-0007,STORE-0005,2024-06-24,5,7.99,39.95,demand_lower_than_expected
PO-0119,SKU-0057,STORE-0001,2024-04-18,2,7.02,14.04,demand_lower_than_expected
PO-0120,SKU-0015,STORE-0007,2023-05-11,7,27.91,195.37,late_markdown
PO-0121,SKU-0040,STORE-0007,2024-11-19,1,11.38,11.38,no_markdown_applied
PO-0122,SKU-0039,STORE-0006,2024-02-28,9,8.88,79.92,late_markdown
PO-0123,SKU-0001,STORE-0010,2023-12-30,3,40.49,121.47,demand_lower_than_expected
PO-0124,SKU-0030,STORE-0001,2023-06-04,6,13.49,80.94,no_markdown_applied
PO-0125,SKU-0006,STORE-0010,2024-01-08,12,60.3,723.6,late_markdown
PO-0126,SKU-0074,STORE-0001,2023-12-28,3,20.21,60.63,no_markdown_applied
PO-0127,SKU-0003,STORE-0005,2024-10-26,1,39.42,39.42,demand_lower_than_expected
PO-0128,SKU-0047,STORE-0010,2024-05-06,1,7.64,7.64,late_markdown
PO-0129,SKU-0052,STORE-0006,2023-10-15,3,3.78,11.34,no_markdown_applied
PO-0130,SKU-0022,STORE-0006,2024-01-02,6,4.75,28.5,no_markdown_applied
PO-0131,SKU-0045,STORE-0003,2024-08-06,6,86.69,520.14,demand_lower_than_expected
PO-0132,SKU-0019,STORE-0003,2023-07-06,3,22.02,66.06,late_markdown
PO-0133,SKU-0010,STORE-0007,2023-08-19,5,22.32,111.6,no_markdown_applied
PO-0134,SKU-0073,STORE-0003,2024-06-12,34,8.17,277.78,demand_lower_than_expected
PO-0135,SKU-0080,STORE-0001,2024-08-20,22,60.99,1341.78,no_markdown_applied
PO-0136,SKU-0009,STORE-0009,2023-12-08,18,45.44,817.92,demand_lower_than_expected
PO-0137,SKU-0046,STORE-0003,2023-10-27,11,14.65,161.15,late_markdown
PO-0138,SKU-0048,STORE-0010,2024-06-08,12,11.79,141.48,demand_lower_than_expected
PO-0139,SKU-0065,STORE-0002,2023-04-28,19,7.74,147.06,late_markdown
PO-0140,SKU-0074,STORE-0001,2023-03-23,3,15.65,46.95,no_markdown_applied
PO-0141,SKU-0008,STORE-0001,2024-05-19,3,29.39,88.17,no_markdown_applied
PO-0142,SKU-0023,STORE-0003,2023-06-06,6,68.83,412.98,no_markdown_applied
PO-0143,SKU-0079,STORE-0006,2024-06-03,2,4.42,8.84,no_markdown_applied
PO-0144,SKU-0044,STORE-0007,2025-02-08,9,54.4,489.6,demand_lower_than_expected
PO-0145,SKU-0013,STORE-0010,2023-12-26,14,50.69,709.66,no_markdown_applied
PO-0146,SKU-0078,STORE-0004,2023-11-28,34,43.32,1472.88,late_markdown
PO-0147,SKU-0045,STORE-0001,2024-09-30,3,95.65,286.95,no_markdown_applied
PO-0148,SKU-0011,STORE-0001,2024-04-10,6,13.49,80.94,late_markdown
PO-0150,SKU-0047,STORE-0001,2024-06-18,1,6.68,6.68,demand_lower_than_expected
PO-0151,SKU-0025,STORE-0010,2024-06-27,1,64.35,64.35,no_markdown_applied
PO-0152,SKU-0013,STORE-0004,2023-04-10,23,52.75,1213.25,demand_lower_than_expected
PO-0153,SKU-0044,STORE-0001,2025-06-25,11,58.57,644.27,demand_lower_than_expected
PO-0154,SKU-0024,STORE-0006,2025-01-24,3,28.09,84.27,late_markdown
PO-0155,SKU-0006,STORE-0005,2023-07-09,16,73.17,1170.72,demand_lower_than_expected
PO-0156,SKU-0037,STORE-0008,2023-10-10,10,58.13,581.3,demand_lower_than_expected
PO-0157,SKU-0040,STORE-0006,2024-03-05,13,14.9,193.7,demand_lower_than_expected
PO-0158,SKU-0057,STORE-0006,2024-02-23,3,8.89,26.67,demand_lower_than_expected
PO-0159,SKU-0021,STORE-0007,2024-06-22,15,15.75,236.25,no_markdown_applied
PO-0160,SKU-0062,STORE-0002,2023-07-27,17,24.15,410.55,no_markdown_applied
PO-0161,SKU-0011,STORE-0001,2024-08-14,10,11.0,110.0,no_markdown_applied
PO-0163,SKU-0004,STORE-0005,2024-04-20,15,14.47,217.05,no_markdown_applied
PO-0164,SKU-0011,STORE-0001,2024-03-23,7,11.4,79.8,late_markdown
PO-0165,SKU-0043,STORE-0008,2024-04-24,32,65.04,2081.28,no_markdown_applied
PO-0166,SKU-0018,STORE-0006,2023-11-06,26,51.3,1333.8,demand_lower_than_expected
PO-0167,SKU-0033,STORE-0004,2023-01-23,2,21.31,42.62,demand_lower_than_expected
PO-0168,SKU-0037,STORE-0007,2024-08-01,4,47.05,188.2,demand_lower_than_expected
PO-0169,SKU-0080,STORE-0008,2023-09-17,32,41.15,1316.8,no_markdown_applied
PO-0170,SKU-0066,STORE-0004,2024-07-11,2,68.61,137.22,no_markdown_applied
PO-0171,SKU-0079,STORE-0004,2024-01-02,3,4.14,12.42,no_markdown_applied
PO-0172,SKU-0011,STORE-0009,2023-09-21,9,16.09,144.81,demand_lower_than_expected
PO-0173,SKU-0065,STORE-0008,2024-07-16,38,6.08,231.04,demand_lower_than_expected
PO-0174,SKU-0048,STORE-0008,2023-04-27,4,14.67,58.68,late_markdown
PO-0175,SKU-0014,STORE-0008,2023-04-17,13,10.36,134.68,demand_lower_than_expected
PO-0176,SKU-0070,STORE-0002,2023-05-26,13,59.73,776.49,no_markdown_applied
PO-0177,SKU-0024,STORE-0007,2025-05-03,5,21.25,106.25,demand_lower_than_expected
PO-0178,SKU-0026,STORE-0005,2024-04-22,6,5.38,32.28,demand_lower_than_expected
PO-0179,SKU-0051,STORE-0008,2024-05-24,25,10.18,254.5,late_markdown
PO-0180,SKU-0025,STORE-0005,2023-08-20,2,48.44,96.88,demand_lower_than_expected
PO-0181,SKU-0048,STORE-0007,2024-02-10,4,15.56,62.24,demand_lower_than_expected
PO-0182,SKU-0024,STORE-0001,2025-04-03,3,28.08,84.24,late_markdown
PO-0183,SKU-0011,STORE-0005,2024-08-20,11,12.65,139.15,demand_lower_than_expected
PO-0185,SKU-0078,STORE-0001,2024-01-04,20,50.15,1003.0,no_markdown_applied
PO-0186,SKU-0006,STORE-0010,2024-04-13,33,92.01,3036.33,no_markdown_applied
PO-0188,SKU-0021,STORE-0002,2024-02-01,2,15.25,30.5,late_markdown
PO-0189,SKU-0009,STORE-0009,2024-04-09,17,52.92,899.64,demand_lower_than_expected
PO-0190,SKU-0005,STORE-0001,2024-03-14,18,30.25,544.5,demand_lower_than_expected
PO-0191,SKU-0010,STORE-0006,2024-03-22,8,15.2,121.6,no_markdown_applied
PO-0192,SKU-0036,STORE-0003,2024-03-20,7,22.4,156.8,late_markdown
PO-0193,SKU-0050,STORE-0003,2024-07-18,4,38.22,152.88,late_markdown
PO-0194,SKU-0037,STORE-0005,2024-05-06,4,62.28,249.12,no_markdown_applied
PO-0195,SKU-0010,STORE-0008,2023-09-25,4,15.51,62.04,demand_lower_than_expected
PO-0196,SKU-0041,STORE-0005,2024-06-02,2,48.2,96.4,demand_lower_than_expected
PO-0197,SKU-0039,STORE-0002,2025-07-27,39,6.59,257.01,no_markdown_applied
PO-0200,SKU-0071,STORE-0005,2024-02-05,3,49.22,147.66,late_markdown
PO-0201,SKU-0062,STORE-0005,2023-05-14,21,24.63,517.23,no_markdown_applied
PO-0202,SKU-0041,STORE-0003,2024-10-13,4,41.44,165.76,demand_lower_than_expected
PO-0203,SKU-0071,STORE-0007,2024-07-04,5,48.68,243.4,late_markdown
PO-0204,SKU-0008,STORE-0006,2024-04-05,12,29.74,356.88,demand_lower_than_expected
PO-0205,SKU-0042,STORE-0008,2023-11-26,5,6.85,34.25,late_markdown
PO-0206,SKU-0026,STORE-0009,2023-10-28,14,5.75,80.5,no_markdown_applied
PO-0207,SKU-0079,STORE-0006,2023-07-20,5,3.81,19.05,no_markdown_applied
PO-0208,SKU-0020,STORE-0004,2023-07-10,1,8.47,8.47,demand_lower_than_expected
PO-0209,SKU-0004,STORE-0003,2023-12-30,4,14.4,57.6,late_markdown
PO-0210,SKU-0027,STORE-0008,2024-08-26,12,80.91,970.92,demand_lower_than_expected
PO-0211,SKU-0070,STORE-0010,2023-02-17,7,55.49,388.43,late_markdown
PO-0212,SKU-0052,STORE-0003,2024-06-13,2,4.62,9.24,no_markdown_applied
PO-0213,SKU-0054,STORE-0009,2023-05-06,3,7.74,23.22,late_markdown
PO-0214,SKU-0041,STORE-0002,2023-08-03,3,64.05,192.15,no_markdown_applied
PO-0215,SKU-0048,STORE-0002,2024-04-17,6,13.51,81.06,no_markdown_applied
PO-0216,SKU-0035,STORE-0003,2023-11-13,2,31.88,63.76,no_markdown_applied
PO-0217,SKU-0079,STORE-0002,2023-04-28,6,4.16,24.96,no_markdown_applied
PO-0219,SKU-0040,STORE-0003,2024-12-17,7,10.14,70.98,late_markdown
PO-0220,SKU-0028,STORE-0009,2024-07-10,2,9.28,18.56,demand_lower_than_expected
PO-0221,SKU-0061,STORE-0006,2023-12-24,7,13.35,93.45,no_markdown_applied
PO-0222,SKU-0034,STORE-0010,2025-03-21,4,9.34,37.36,no_markdown_applied
PO-0223,SKU-0007,STORE-0003,2025-01-11,9,10.27,92.43,demand_lower_than_expected
PO-0224,SKU-0050,STORE-0002,2025-07-26,8,45.62,364.96,late_markdown
PO-0225,SKU-0079,STORE-0007,2023-12-24,1,3.89,3.89,late_markdown
PO-0226,SKU-0044,STORE-0008,2025-02-14,9,62.84,565.56,demand_lower_than_expected
PO-0227,SKU-0052,STORE-0006,2023-09-02,4,3.69,14.76,no_markdown_applied
PO-0228,SKU-0061,STORE-0004,2023-08-02,12,12.86,154.32,late_markdown
PO-0229,SKU-0079,STORE-0009,2024-08-14,3,3.97,11.91,no_markdown_applied
PO-0230,SKU-0065,STORE-0009,2023-11-28,35,7.91,276.85,demand_lower_than_expected
PO-0231,SKU-0003,STORE-0005,2025-08-05,1,42.97,42.97,late_markdown
PO-0232,SKU-0004,STORE-0004,2024-03-20,22,18.15,399.3,no_markdown_applied
PO-0233,SKU-0007,STORE-0007,2025-08-26,8,9.88,79.04,demand_lower_than_expected
PO-0234,SKU-0032,STORE-0003,2024-03-29,1,10.32,10.32,demand_lower_than_expected
PO-0235,SKU-0057,STORE-0010,2023-05-28,2,7.57,15.14,no_markdown_applied
PO-0236,SKU-0079,STORE-0010,2023-10-04,5,5.56,27.8,demand_lower_than_expected
PO-0237,SKU-0067,STORE-0009,2023-04-17,10,13.51,135.1,no_markdown_applied
PO-0238,SKU-0041,STORE-0001,2024-07-13,1,50.98,50.98,no_markdown_applied
PO-0239,SKU-0034,STORE-0009,2024-12-26,3,9.9,29.7,no_markdown_applied
PO-0240,SKU-0029,STORE-0008,2024-10-22,3,40.9,122.7,no_markdown_applied
PO-0241,SKU-0063,STORE-0010,2023-08-21,18,7.8,140.4,no_markdown_applied
PO-0242,SKU-0074,STORE-0003,2023-11-13,4,18.75,75.0,demand_lower_than_expected
PO-0243,SKU-0019,STORE-0010,2024-02-02,2,20.12,40.24,late_markdown
PO-0244,SKU-0057,STORE-0005,2023-04-28,3,6.96,20.88,no_markdown_applied
PO-0245,SKU-0069,STORE-0001,2023-08-20,7,43.69,305.83,demand_lower_than_expected
PO-0246,SKU-0079,STORE-0001,2023-12-09,7,4.92,34.44,no_markdown_applied
PO-0247,SKU-0068,STORE-0008,2023-05-04,1,49.79,49.79,no_markdown_applied
PO-0248,SKU-0061,STORE-0001,2023-06-20,5,14.26,71.3,late_markdown
PO-0249,SKU-0021,STORE-0010,2023-01-30,6,19.71,118.26,no_markdown_applied
PO-0250,SKU-0037,STORE-0004,2024-06-14,5,46.66,233.3,demand_lower_than_expected
PO-0251,SKU-0030,STORE-0009,2023-04-28,3,14.62,43.86,no_markdown_applied
PO-0252,SKU-0023,STORE-0002,2023-09-05,5,96.74,483.7,no_markdown_applied
PO-0253,SKU-0038,STORE-0008,2024-06-02,14,28.25,395.5,no_markdown_applied
PO-0254,SKU-0043,STORE-0009,2025-08-15,7,76.52,535.64,demand_lower_than_expected
PO-0255,SKU-0018,STORE-0009,2024-07-27,25,46.82,1170.5,late_markdown
PO-0256,SKU-0043,STORE-0002,2024-07-30,4,86.83,347.32,late_markdown
PO-0257,SKU-0002,STORE-0003,2023-11-03,12,12.11,145.32,no_markdown_applied
PO-0258,SKU-0025,STORE-0008,2025-02-12,1,54.72,54.72,no_markdown_applied
PO-0260,SKU-0042,STORE-0006,2023-07-27,2,6.03,12.06,demand_lower_than_expected
PO-0261,SKU-0035,STORE-0009,2023-11-07,1,32.81,32.81,late_markdown
PO-0262,SKU-0047,STORE-0008,2024-08-18,5,6.89,34.45,no_markdown_applied
PO-0263,SKU-0021,STORE-0006,2023-05-25,4,20.0,80.0,late_markdown
PO-0264,SKU-0038,STORE-0003,2023-12-05,3,38.2,114.6,no_markdown_applied
PO-0265,SKU-0059,STORE-0002,2023-06-25,4,31.71,126.84,demand_lower_than_expected
PO-0266,SKU-0061,STORE-0006,2024-05-13,14,13.36,187.04,late_markdown
PO-0267,SKU-0077,STORE-0007,2023-09-02,2,59.09,118.18,demand_lower_than_expected
PO-0269,SKU-0065,STORE-0007,2023-03-29,8,8.15,65.2,late_markdown
PO-0270,SKU-0067,STORE-0008,2023-07-25,10,10.73,107.3,late_markdown
PO-0271,SKU-0066,STORE-0002,2024-09-05,2,89.72,179.44,late_markdown
PO-0272,SKU-0059,STORE-0004,2023-06-25,4,20.31,81.24,no_markdown_applied
PO-0273,SKU-0051,STORE-0007,2024-05-23,20,11.48,229.6,late_markdown
PO-0274,SKU-0006,STORE-0004,2023-08-30,8,72.43,579.44,late_markdown
PO-0275,SKU-0009,STORE-0008,2024-07-24,24,36.31,871.44,no_markdown_applied
PO-0276,SKU-0054,STORE-0009,2023-09-16,1,9.72,9.72,late_markdown
PO-0277,SKU-0011,STORE-0008,2024-06-11,14,16.03,224.42,demand_lower_than_expected
PO-0278,SKU-0045,STORE-0007,2023-06-28,3,66.25,198.75,no_markdown_applied
PO-0279,SKU-0029,STORE-0006,2025-02-16,7,27.66,193.62,late_markdown
PO-0280,SKU-0070,STORE-0001,2023-11-18,17,52.77,897.09,no_markdown_applied
PO-0281,SKU-0020,STORE-0005,2023-09-27,1,6.71,6.71,late_markdown
PO-0282,SKU-0054,STORE-0005,2023-06-27,2,8.87,17.74,late_markdown
PO-0283,SKU-0013,STORE-0009,2023-09-23,21,36.35,763.35,demand_lower_than_expected
PO-0284,SKU-0006,STORE-0005,2023-03-03,12,75.95,911.4,demand_lower_than_expected
PO-0285,SKU-0008,STORE-0005,2023-09-01,3,36.29,108.87,demand_lower_than_expected
PO-0286,SKU-0041,STORE-0007,2023-11-09,5,54.4,272.0,no_markdown_applied
PO-0287,SKU-0019,STORE-0002,2023-12-30,5,25.99,129.95,no_markdown_applied
PO-0288,SKU-0072,STORE-0005,2024-11-09,2,21.7,43.4,late_markdown
PO-0289,SKU-0007,STORE-0004,2025-03-23,3,12.07,36.21,late_markdown
PO-0290,SKU-0041,STORE-0009,2024-04-09,5,49.9,249.5,demand_lower_than_expected
PO-0291,SKU-0069,STORE-0006,2023-11-19,6,31.76,190.56,demand_lower_than_expected
PO-0292,SKU-0060,STORE-0010,2023-12-17,1,80.55,80.55,demand_lower_than_expected
PO-0293,SKU-0050,STORE-0008,2025-08-03,3,41.27,123.81,late_markdown
PO-0294,SKU-0048,STORE-0006,2023-05-30,1,13.35,13.35,late_markdown
PO-0295,SKU-0078,STORE-0003,2023-04-29,22,40.58,892.76,late_markdown
PO-0296,SKU-0076,STORE-0007,2023-08-09,27,84.61,2284.47,no_markdown_applied
PO-0297,SKU-0043,STORE-0004,2025-05-10,13,95.25,1238.25,no_markdown_applied
PO-0298,SKU-0016,STORE-0005,2024-02-06,22,22.75,500.5,no_markdown_applied
PO-0299,SKU-0027,STORE-0003,2023-09-26,11,93.69,1030.59,late_markdown
PO-0300,SKU-0049,STORE-0006,2024-01-09,19,36.81,699.39,no_markdown_applied
PO-0301,SKU-0066,STORE-0009,2023-11-25,4,76.96,307.84,demand_lower_than_expected
PO-0303,SKU-0029,STORE-0003,2024-02-27,5,30.12,150.6,late_markdown
PO-0304,SKU-0054,STORE-0009,2024-09-29,2,6.57,13.14,late_markdown
PO-0305,SKU-0032,STORE-0008,2023-10-31,6,10.22,61.32,late_markdown
PO-0306,SKU-0063,STORE-0004,2023-12-25,29,8.41,243.89,late_markdown
PO-0307,SKU-0046,STORE-0008,2024-04-27,5,15.22,76.1,late_markdown
PO-0308,SKU-0070,STORE-0008,2024-05-26,9,63.29,569.61,no_markdown_applied
PO-0309,SKU-0007,STORE-0004,2024-02-07,11,7.63,83.93,demand_lower_than_expected
PO-0311,SKU-0079,STORE-0009,2024-03-20,6,5.08,30.48,demand_lower_than_expected
PO-0313,SKU-0003,STORE-0007,2024-10-18,2,53.69,107.38,no_markdown_applied
PO-0314,SKU-0023,STORE-0004,2024-05-29,5,93.8,469.0,no_markdown_applied
PO-0315,SKU-0080,STORE-0008,2023-06-14,13,45.85,596.05,demand_lower_than_expected
PO-0316,SKU-0011,STORE-0008,2023-12-14,9,16.0,144.0,late_markdown
PO-0317,SKU-0029,STORE-0005,2025-08-06,5,39.4,197.0,no_markdown_applied
PO-0318,SKU-0049,STORE-0003,2023-03-07,13,37.13,482.69,late_markdown
PO-0319,SKU-0011,STORE-0007,2023-03-24,6,15.28,91.68,late_markdown
PO-0320,SKU-0013,STORE-0007,2023-12-31,19,56.05,1064.95,demand_lower_than_expected
PO-0321,SKU-0073,STORE-0004,2023-09-01,33,7.02,231.66,no_markdown_applied
PO-0322,SKU-0005,STORE-0010,2023-12-24,5,43.62,218.1,demand_lower_than_expected
PO-0323,SKU-0019,STORE-0007,2023-02-21,11,29.65,326.15,demand_lower_than_expected
PO-0324,SKU-0073,STORE-0005,2023-04-09,10,8.13,81.3,no_markdown_applied
PO-0325,SKU-0018,STORE-0010,2024-07-21,20,57.59,1151.8,no_markdown_applied
PO-0326,SKU-0045,STORE-0001,2023-05-01,3,63.24,189.72,demand_lower_than_expected
PO-0327,SKU-0079,STORE-0002,2023-05-25,5,4.49,22.45,demand_lower_than_expected
PO-0328,SKU-0058,STORE-0008,2023-02-26,11,22.39,246.29,late_markdown
PO-0329,SKU-0075,STORE-0007,2024-03-28,5,44.06,220.3,demand_lower_than_expected
PO-0330,SKU-0010,STORE-0006,2024-01-12,3,16.34,49.02,demand_lower_than_expected
PO-0331,SKU-0041,STORE-0004,2023-08-19,2,42.24,84.48,demand_lower_than_expected
PO-0333,SKU-0072,STORE-0007,2025-03-26,4,17.57,70.28,no_markdown_applied
PO-0334,SKU-0012,STORE-0003,2024-04-08,8,48.91,391.28,late_markdown
PO-0335,SKU-0053,STORE-0005,2024-04-01,5,14.87,74.35,no_markdown_applied
PO-0336,SKU-0067,STORE-0010,2024-08-30,7,14.28,99.96,late_markdown
PO-0337,SKU-0035,STORE-0004,2023-07-28,1,30.12,30.12,late_markdown
PO-0338,SKU-0039,STORE-0001,2025-03-27,12,8.93,107.16,no_markdown_applied
PO-0339,SKU-0064,STORE-0010,2023-09-27,8,82.57,660.56,late_markdown
PO-0340,SKU-0001,STORE-0008,2023-06-23,4,33.33,133.32,demand_lower_than_expected
PO-0341,SKU-0043,STORE-0008,2025-02-07,19,72.07,1369.33,demand_lower_than_expected
PO-0342,SKU-0078,STORE-0006,2023-07-25,25,44.57,1114.25,late_markdown
PO-0343,SKU-0038,STORE-0005,2023-07-16,10,39.59,395.9,demand_lower_than_expected
PO-0344,SKU-0042,STORE-0008,2024-09-09,3,7.05,21.15,no_markdown_applied
PO-0345,SKU-0073,STORE-0004,2024-01-26,16,8.22,131.52,late_markdown
PO-0346,SKU-0071,STORE-0001,2023-07-30,2,56.8,113.6,demand_lower_than_expected
PO-0347,SKU-0038,STORE-0008,2023-08-19,6,39.55,237.3,no_markdown_applied
PO-0348,SKU-0039,STORE-0003,2025-05-30,9,6.95,62.55,late_markdown
PO-0349,SKU-0010,STORE-0006,2024-05-22,8,22.67,181.36,no_markdown_applied
PO-0350,SKU-0065,STORE-0009,2024-09-10,51,8.59,438.09,no_markdown_applied
PO-0351,SKU-0069,STORE-0003,2023-02-28,9,38.61,347.49,demand_lower_than_expected
PO-0352,SKU-0046,STORE-0002,2023-05-13,4,19.66,78.64,demand_lower_than_expected
PO-0353,SKU-0052,STORE-0009,2024-09-10,4,4.35,17.4,late_markdown
PO-0355,SKU-0074,STORE-0009,2024-09-04,1,17.9,17.9,no_markdown_applied
PO-0356,SKU-0076,STORE-0006,2024-05-17,27,78.24,2112.48,no_markdown_applied
PO-0357,SKU-0038,STORE-0007,2023-02-11,7,43.48,304.36,no_markdown_applied
PO-0358,SKU-0045,STORE-0002,2023-06-11,8,72.38,579.04,late_markdown
PO-0359,SKU-0061,STORE-0009,2024-08-25,5,12.74,63.7,demand_lower_than_expected
PO-0360,SKU-0039,STORE-0003,2025-04-15,5,9.04,45.2,no_markdown_applied
PO-0361,SKU-0014,STORE-0004,2023-03-02,26,11.4,296.4,no_markdown_applied
PO-0362,SKU-0071,STORE-0006,2023-10-01,3,42.96,128.88,late_markdown
PO-0363,SKU-0052,STORE-0002,2024-05-23,5,4.02,20.1,no_markdown_applied
PO-0364,SKU-0079,STORE-0010,2024-05-25,4,4.61,18.44,no_markdown_applied
PO-0366,SKU-0069,STORE-0004,2023-03-24,4,33.91,135.64,no_markdown_applied
PO-0367,SKU-0063,STORE-0003,2024-04-23,10,9.62,96.2,late_markdown
PO-0368,SKU-0076,STORE-0004,2024-02-27,5,72.56,362.8,no_markdown_applied
PO-0369,SKU-0039,STORE-0005,2024-07-07,26,8.21,213.46,demand_lower_than_expected
PO-0370,SKU-0031,STORE-0004,2023-11-21,8,42.49,339.92,demand_lower_than_expected
PO-0371,SKU-0054,STORE-0004,2023-08-03,1,6.52,6.52,late_markdown
PO-0372,SKU-0069,STORE-0009,2024-03-20,15,43.46,651.9,no_markdown_applied
PO-0373,SKU-0037,STORE-0009,2024-08-25,3,44.23,132.69,late_markdown
PO-0374,SKU-0063,STORE-0006,2023-03-10,7,6.73,47.11,late_markdown
PO-0375,SKU-0064,STORE-0001,2024-08-15,7,85.1,595.7,demand_lower_than_expected
PO-0376,SKU-0011,STORE-0010,2024-06-07,14,10.19,142.66,demand_lower_than_expected
PO-0377,SKU-0029,STORE-0005,2024-10-28,6,32.58,195.48,demand_lower_than_expected
PO-0378,SKU-0064,STORE-0010,2024-08-22,8,78.63,629.04,no_markdown_applied
PO-0379,SKU-0070,STORE-0004,2023-05-10,30,64.12,1923.6,late_markdown
PO-0380,SKU-0057,STORE-0003,2023-03-28,4,6.82,27.28,late_markdown
PO-0381,SKU-0032,STORE-0010,2023-06-27,3,11.76,35.28,late_markdown
PO-0382,SKU-0012,STORE-0009,2025-04-11,8,54.85,438.8,demand_lower_than_expected
PO-0383,SKU-0076,STORE-0009,2023-09-19,14,72.66,1017.24,late_markdown
PO-0384,SKU-0018,STORE-0009,2024-03-25,31,40.2,1246.2,no_markdown_applied
PO-0385,SKU-0069,STORE-0004,2023-03-20,4,37.9,151.6,no_markdown_applied
PO-0386,SKU-0038,STORE-0006,2023-12-18,3,32.21,96.63,late_markdown
PO-0387,SKU-0053,STORE-0009,2023-06-11,1,16.2,16.2,late_markdown
PO-0388,SKU-0017,STORE-0005,2023-05-30,18,6.55,117.9,no_markdown_applied
PO-0389,SKU-0051,STORE-0007,2024-03-23,32,8.28,264.96,demand_lower_than_expected
PO-0390,SKU-0049,STORE-0010,2023-11-14,8,28.9,231.2,no_markdown_applied
PO-0391,SKU-0036,STORE-0005,2024-03-28,12,22.19,266.28,late_markdown
PO-0392,SKU-0075,STORE-0004,2024-06-18,1,54.93,54.93,late_markdown
PO-0393,SKU-0046,STORE-0004,2023-04-26,29,14.55,421.95,demand_lower_than_expected
PO-0394,SKU-0028,STORE-0010,2024-03-18,2,8.88,17.76,late_markdown
PO-0395,SKU-0017,STORE-0010,2023-12-29,17,9.2,156.4,late_markdown
PO-0397,SKU-0055,STORE-0009,2024-05-05,9,57.75,519.75,no_markdown_applied
PO-0398,SKU-0036,STORE-0004,2023-12-10,3,19.73,59.19,late_markdown
PO-0399,SKU-0022,STORE-0005,2023-04-16,4,4.49,17.96,late_markdown
PO-0400,SKU-0012,STORE-0007,2024-09-04,4,37.72,150.88,demand_lower_than_expected
PO-0401,SKU-0076,STORE-0007,2024-05-20,10,78.95,789.5,demand_lower_than_expected
PO-0402,SKU-0044,STORE-0010,2024-01-12,12,42.58,510.96,demand_lower_than_expected
PO-0403,SKU-0030,STORE-0010,2023-06-08,3,10.56,31.68,demand_lower_than_expected
PO-0404,SKU-0039,STORE-0006,2024-04-22,10,7.44,74.4,no_markdown_applied
PO-0405,SKU-0073,STORE-0010,2023-06-13,5,8.29,41.45,no_markdown_applied
PO-0406,SKU-0028,STORE-0005,2024-05-02,2,11.15,22.3,no_markdown_applied
PO-0407,SKU-0013,STORE-0006,2024-04-17,6,52.34,314.04,demand_lower_than_expected
PO-0408,SKU-0041,STORE-0002,2024-04-05,4,43.06,172.24,no_markdown_applied
PO-0409,SKU-0077,STORE-0009,2023-04-09,4,57.45,229.8,no_markdown_applied
PO-0410,SKU-0039,STORE-0006,2024-02-09,14,7.94,111.16,late_markdown
PO-0411,SKU-0038,STORE-0008,2023-08-02,9,28.54,256.86,late_markdown
PO-0412,SKU-0031,STORE-0001,2024-11-25,24,55.39,1329.36,demand_lower_than_expected
PO-0413,SKU-0041,STORE-0010,2024-08-25,1,49.17,49.17,demand_lower_than_expected
PO-0414,SKU-0023,STORE-0009,2024-05-12,23,77.15,1774.45,late_markdown
PO-0415,SKU-0002,STORE-0008,2023-02-28,5,11.35,56.75,late_markdown
PO-0416,SKU-0065,STORE-0003,2024-03-07,39,7.56,294.84,demand_lower_than_expected
PO-0417,SKU-0069,STORE-0007,2024-02-26,6,38.23,229.38,late_markdown
PO-0419,SKU-0076,STORE-0007,2024-07-24,23,88.03,2024.69,no_markdown_applied
PO-0420,SKU-0056,STORE-0010,2023-05-14,5,15.96,79.8,no_markdown_applied
PO-0421,SKU-0056,STORE-0010,2023-05-05,1,12.83,12.83,no_markdown_applied
PO-0422,SKU-0023,STORE-0008,2023-05-03,11,60.07,660.77,late_markdown
PO-0423,SKU-0045,STORE-0010,2023-02-15,8,78.87,630.96,late_markdown
PO-0424,SKU-0017,STORE-0009,2023-10-04,26,8.93,232.18,demand_lower_than_expected
PO-0425,SKU-0004,STORE-0006,2023-05-22,7,21.06,147.42,late_markdown
PO-0426,SKU-0074,STORE-0010,2024-07-23,2,14.67,29.34,late_markdown
PO-0427,SKU-0064,STORE-0007,2024-06-21,8,80.72,645.76,demand_lower_than_expected
PO-0428,SKU-0014,STORE-0002,2023-07-17,15,10.8,162.0,late_markdown
PO-0429,SKU-0001,STORE-0003,2023-11-03,1,42.41,42.41,demand_lower_than_expected
PO-0430,SKU-0047,STORE-0009,2023-09-17,1,9.45,9.45,late_markdown
PO-0431,SKU-0054,STORE-0002,2023-04-17,1,7.21,7.21,no_markdown_applied
PO-0432,SKU-0010,STORE-0010,2024-01-29,12,17.26,207.12,no_markdown_applied
PO-0433,SKU-0067,STORE-0005,2023-03-29,2,15.96,31.92,no_markdown_applied
PO-0434,SKU-0040,STORE-0010,2024-10-24,5,10.54,52.7,late_markdown
PO-0435,SKU-0038,STORE-0003,2023-01-23,9,41.13,370.17,demand_lower_than_expected
PO-0436,SKU-0076,STORE-0004,2023-09-29,13,96.77,1258.01,no_markdown_applied
PO-0437,SKU-0032,STORE-0004,2024-09-25,1,7.63,7.63,late_markdown
PO-0438,SKU-0045,STORE-0002,2023-03-01,15,90.87,1363.05,late_markdown
PO-0439,SKU-0049,STORE-0004,2024-01-11,25,40.33,1008.25,late_markdown
PO-0440,SKU-0031,STORE-0010,2023-10-19,15,51.78,776.7,late_markdown
PO-0441,SKU-0012,STORE-0007,2024-06-07,1,56.1,56.1,demand_lower_than_expected
PO-0442,SKU-0048,STORE-0004,2024-05-10,7,16.09,112.63,late_markdown
PO-0443,SKU-0018,STORE-0005,2024-08-27,11,53.84,592.24,demand_lower_than_expected
PO-0444,SKU-0017,STORE-0007,2024-08-13,8,7.09,56.72,no_markdown_applied
PO-0445,SKU-0042,STORE-0010,2024-03-05,1,7.7,7.7,demand_lower_than_expected
PO-0446,SKU-0075,STORE-0002,2023-05-22,1,39.06,39.06,late_markdown
PO-0447,SKU-0053,STORE-0005,2024-06-13,1,13.35,13.35,late_markdown
PO-0448,SKU-0034,STORE-0005,2025-04-13,4,8.17,32.68,no_markdown_applied
PO-0449,SKU-0078,STORE-0006,2024-01-20,4,44.92,179.68,demand_lower_than_expected
PO-0450,SKU-0032,STORE-0005,2023-08-03,6,9.48,56.88,late_markdown
PO-0451,SKU-0023,STORE-0008,2024-01-08,4,95.07,380.28,late_markdown
PO-0452,SKU-0032,STORE-0001,2024-10-04,2,9.79,19.58,no_markdown_applied
PO-0453,SKU-0029,STORE-0010,2024-05-06,2,31.02,62.04,no_markdown_applied
PO-0454,SKU-0011,STORE-0010,2024-03-29,5,13.66,68.3,demand_lower_than_expected
PO-0455,SKU-0057,STORE-0006,2023-02-25,5,6.48,32.4,no_markdown_applied
PO-0456,SKU-0007,STORE-0010,2024-05-07,3,11.99,35.97,late_markdown
PO-0457,SKU-0049,STORE-0009,2024-03-19,23,34.96,804.08,no_markdown_applied
PO-0458,SKU-0036,STORE-0002,2023-09-11,10,21.73,217.3,no_markdown_applied
PO-0459,SKU-0064,STORE-0002,2023-09-28,5,92.48,462.4,late_markdown
PO-0460,SKU-0050,STORE-0001,2024-03-06,3,44.93,134.79,late_markdown
PO-0461,SKU-0070,STORE-0002,2024-07-04,14,40.08,561.12,demand_lower_than_expected
PO-0462,SKU-0063,STORE-0010,2024-01-19,13,9.42,122.46,demand_lower_than_expected
PO-0464,SKU-0036,STORE-0004,2023-03-16,2,21.08,42.16,demand_lower_than_expected
PO-0465,SKU-0075,STORE-0010,2024-09-01,1,57.27,57.27,demand_lower_than_expected
PO-0466,SKU-0035,STORE-0003,2023-11-22,4,41.68,166.72,late_markdown
PO-0467,SKU-0074,STORE-0003,2023-04-12,2,22.6,45.2,late_markdown
PO-0468,SKU-0031,STORE-0006,2024-07-01,24,47.47,1139.28,late_markdown
PO-0469,SKU-0046,STORE-0007,2024-01-21,15,18.93,283.95,late_markdown
PO-0470,SKU-0064,STORE-0003,2023-08-02,9,71.11,639.99,demand_lower_than_expected
PO-0471,SKU-0030,STORE-0001,2023-02-25,8,11.37,90.96,no_markdown_applied
PO-0472,SKU-0079,STORE-0004,2024-07-05,4,5.41,21.64,no_markdown_applied
PO-0474,SKU-0068,STORE-0005,2023-08-08,6,43.72,262.32,demand_lower_than_expected
PO-0475,SKU-0051,STORE-0005,2024-07-29,25,8.08,202.0,demand_lower_than_expected
PO-0476,SKU-0056,STORE-0005,2024-01-30,6,14.0,84.0,no_markdown_applied
PO-0477,SKU-0072,STORE-0003,2024-11-24,3,21.78,65.34,no_markdown_applied
PO-0478,SKU-0076,STORE-0002,2024-01-20,21,66.13,1388.73,late_markdown
PO-0479,SKU-0001,STORE-0006,2024-01-01,11,43.97,483.67,late_markdown
PO-0480,SKU-0078,STORE-0002,2024-10-05,12,62.4,748.8,no_markdown_applied
PO-0481,SKU-0014,STORE-0010,2023-09-26,15,8.27,124.05,no_markdown_applied
PO-0482,SKU-0041,STORE-0006,2023-05-25,1,55.35,55.35,demand_lower_than_expected
PO-0483,SKU-0034,STORE-0009,2024-12-18,1,8.79,8.79,no_markdown_applied
PO-0484,SKU-0014,STORE-0003,2024-01-30,21,7.61,159.81,no_markdown_applied
PO-0485,SKU-0022,STORE-0002,2024-04-20,21,4.71,98.91,late_markdown
PO-0486,SKU-0013,STORE-0002,2024-01-19,29,46.27,1341.83,late_markdown
PO-0487,SKU-0010,STORE-0001,2023-10-22,9,21.4,192.6,demand_lower_than_expected
PO-0488,SKU-0014,STORE-0004,2023-02-27,6,9.22,55.32,no_markdown_applied
PO-0489,SKU-0071,STORE-0007,2023-07-11,1,43.12,43.12,late_markdown
PO-0490,SKU-0056,STORE-0009,2024-07-21,5,11.03,55.15,no_markdown_applied
PO-0491,SKU-0043,STORE-0007,2024-06-11,4,95.9,383.6,demand_lower_than_expected
PO-0492,SKU-0070,STORE-0007,2024-08-10,9,55.95,503.55,late_markdown
PO-0493,SKU-0051,STORE-0010,2024-03-02,27,10.21,275.67,late_markdown
PO-0494,SKU-0001,STORE-0002,2023-08-08,6,29.11,174.66,late_markdown
PO-0495,SKU-0004,STORE-0004,2024-05-18,8,15.49,123.92,no_markdown_applied
PO-0496,SKU-0015,STORE-0008,2023-04-10,8,29.21,233.68,demand_lower_than_expected
PO-0497,SKU-0012,STORE-0006,2025-05-27,7,47.71,333.97,demand_lower_than_expected
PO-0498,SKU-0024,STORE-0005,2025-01-22,1,20.15,20.15,late_markdown
PO-0499,SKU-0035,STORE-0004,2024-06-26,2,28.66,57.32,late_markdown
PO-0500,SKU-0045,STORE-0004,2023-05-13,17,79.77,1356.09,no_markdown_applied
PO-0501,SKU-0050,STORE-0004,2024-08-30,8,47.23,377.84,late_markdown
PO-0502,SKU-0031,STORE-0002,2024-11-08,29,47.0,1363.0,demand_lower_than_expected
PO-0503,SKU-0067,STORE-0006,2023-03-17,25,13.57,339.25,demand_lower_than_expected
PO-0504,SKU-0058,STORE-0003,2023-06-17,4,31.23,124.92,no_markdown_applied
PO-0505,SKU-0017,STORE-0006,2023-08-26,8,7.59,60.72,no_markdown_applied
PO-0506,SKU-0019,STORE-0007,2024-04-25,9,26.89,242.01,late_markdown
PO-0507,SKU-0072,STORE-0009,2024-03-12,2,18.83,37.66,demand_lower_than_expected
PO-0508,SKU-0002,STORE-0007,2024-07-25,14,14.38,201.32,no_markdown_applied
PO-0509,SKU-0015,STORE-0001,2024-07-10,11,21.43,235.73,no_markdown_applied
PO-0510,SKU-0014,STORE-0001,2024-10-02,17,11.3,192.1,no_markdown_applied
PO-0511,SKU-0053,STORE-0001,2024-09-07,5,12.39,61.95,late_markdown
PO-0512,SKU-0005,STORE-0003,2024-10-18,8,32.35,258.8,no_markdown_applied
PO-0513,SKU-0043,STORE-0006,2025-02-17,21,68.45,1437.45,no_markdown_applied
PO-0514,SKU-0048,STORE-0007,2024-07-06,1,12.11,12.11,demand_lower_than_expected
PO-0515,SKU-0063,STORE-0007,2023-11-28,35,8.61,301.35,demand_lower_than_expected
PO-0516,SKU-0057,STORE-0008,2023-09-25,3,9.1,27.3,late_markdown
PO-0517,SKU-0012,STORE-0009,2025-03-13,4,45.43,181.72,no_markdown_applied
PO-0518,SKU-0048,STORE-0008,2024-07-24,10,10.35,103.5,no_markdown_applied
PO-0519,SKU-0065,STORE-0002,2023-03-29,19,6.51,123.69,no_markdown_applied
PO-0520,SKU-0025,STORE-0007,2025-02-03,4,60.22,240.88,no_markdown_applied
PO-0521,SKU-0007,STORE-0002,2024-09-14,5,10.95,54.75,demand_lower_than_expected
PO-0522,SKU-0051,STORE-0002,2024-07-20,27,11.98,323.46,demand_lower_than_expected
PO-0523,SKU-0063,STORE-0001,2023-02-13,25,7.67,191.75,no_markdown_applied
PO-0524,SKU-0045,STORE-0007,2024-10-02,3,90.8,272.4,demand_lower_than_expected
PO-0525,SKU-0050,STORE-0004,2024-04-08,1,39.22,39.22,no_markdown_applied
PO-0526,SKU-0029,STORE-0006,2024-08-12,11,31.17,342.87,no_markdown_applied
PO-0527,SKU-0002,STORE-0008,2024-04-04,6,15.7,94.2,late_markdown
PO-0528,SKU-0002,STORE-0005,2023-08-07,4,11.58,46.32,demand_lower_than_expected
PO-0529,SKU-0049,STORE-0001,2023-11-16,16,33.62,537.92,no_markdown_applied
PO-0530,SKU-0067,STORE-0001,2023-09-20,28,13.9,389.2,late_markdown
PO-0531,SKU-0048,STORE-0006,2023-06-16,5,14.05,70.25,late_markdown
PO-0532,SKU-0014,STORE-0006,2023-11-22,10,7.9,79.0,no_markdown_applied
PO-0533,SKU-0039,STORE-0003,2024-12-04,12,6.56,78.72,late_markdown
PO-0534,SKU-0077,STORE-0003,2023-03-21,1,55.95,55.95,demand_lower_than_expected
PO-0535,SKU-0064,STORE-0001,2023-06-13,3,69.26,207.78,demand_lower_than_expected
PO-0536,SKU-0005,STORE-0004,2024-04-27,15,39.81,597.15,demand_lower_than_expected
PO-0537,SKU-0029,STORE-0008,2024-07-20,10,36.82,368.2,demand_lower_than_expected
PO-0538,SKU-0022,STORE-0008,2024-01-27,38,5.08,193.04,demand_lower_than_expected
PO-0539,SKU-0061,STORE-0008,2023-09-09,9,14.63,131.67,no_markdown_applied
PO-0540,SKU-0024,STORE-0004,2025-08-09,2,30.62,61.24,no_markdown_applied
PO-0541,SKU-0029,STORE-0006,2024-04-06,6,42.63,255.78,late_markdown
PO-0542,SKU-0075,STORE-0006,2024-02-11,3,45.92,137.76,demand_lower_than_expected
PO-0543,SKU-0075,STORE-0006,2024-06-27,3,56.61,169.83,no_markdown_applied
PO-0544,SKU-0016,STORE-0001,2024-10-30,29,19.96,578.84,demand_lower_than_expected
PO-0546,SKU-0059,STORE-0001,2024-04-05,1,23.48,23.48,demand_lower_than_expected
PO-0547,SKU-0063,STORE-0010,2023-07-25,7,8.37,58.59,no_markdown_applied
PO-0548,SKU-0001,STORE-0005,2024-01-28,7,32.32,226.24,late_markdown
PO-0549,SKU-0063,STORE-0007,2024-09-03,18,8.86,159.48,no_markdown_applied
PO-0550,SKU-0055,STORE-0005,2023-06-23,14,45.15,632.1,demand_lower_than_expected
PO-0551,SKU-0069,STORE-0001,2024-02-06,4,40.2,160.8,demand_lower_than_expected
PO-0552,SKU-0068,STORE-0005,2024-02-08,1,36.0,36.0,no_markdown_applied
PO-0553,SKU-0045,STORE-0003,2023-10-17,4,64.4,257.6,no_markdown_applied
PO-0554,SKU-0022,STORE-0001,2024-06-24,5,5.45,27.25,demand_lower_than_expected
PO-0555,SKU-0067,STORE-0005,2023-12-03,25,13.28,332.0,late_markdown
PO-0556,SKU-0063,STORE-0009,2023-06-01,13,8.81,114.53,demand_lower_than_expected
PO-0557,SKU-0029,STORE-0007,2025-02-19,12,44.59,535.08,no_markdown_applied
PO-0558,SKU-0022,STORE-0006,2023-02-17,4,4.42,17.68,late_markdown
PO-0559,SKU-0033,STORE-0008,2023-03-02,6,18.68,112.08,no_markdown_applied
PO-0561,SKU-0071,STORE-0007,2024-04-21,5,46.16,230.8,late_markdown
PO-0562,SKU-0002,STORE-0008,2023-09-11,5,12.63,63.15,late_markdown
PO-0563,SKU-0078,STORE-0003,2024-08-21,22,42.99,945.78,demand_lower_than_expected
PO-0564,SKU-0016,STORE-0003,2024-12-17,8,15.0,120.0,late_markdown
PO-0565,SKU-0026,STORE-0005,2024-06-05,35,4.19,146.65,demand_lower_than_expected
PO-0566,SKU-0053,STORE-0007,2023-10-01,6,11.0,66.0,demand_lower_than_expected
PO-0567,SKU-0062,STORE-0010,2024-07-27,7,22.47,157.29,demand_lower_than_expected
PO-0568,SKU-0074,STORE-0010,2023-05-05,4,18.32,73.28,no_markdown_applied
PO-0569,SKU-0013,STORE-0003,2024-06-24,10,49.94,499.4,demand_lower_than_expected
PO-0570,SKU-0007,STORE-0008,2024-11-05,1,11.46,11.46,demand_lower_than_expected
PO-0571,SKU-0041,STORE-0005,2023-12-31,2,57.88,115.76,late_markdown
PO-0572,SKU-0018,STORE-0001,2023-02-25,14,50.0,700.0,late_markdown
PO-0573,SKU-0035,STORE-0003,2024-03-11,4,40.25,161.0,demand_lower_than_expected
PO-0574,SKU-0052,STORE-0002,2024-01-20,2,5.77,11.54,no_markdown_applied
PO-0575,SKU-0062,STORE-0008,2024-04-12,20,24.77,495.4,no_markdown_applied
PO-0576,SKU-0008,STORE-0005,2023-05-07,8,30.35,242.8,no_markdown_applied
PO-0577,SKU-0057,STORE-0002,2024-06-22,1,8.29,8.29,late_markdown
PO-0578,SKU-0017,STORE-0002,2023-02-18,25,9.45,236.25,no_markdown_applied
PO-0579,SKU-0009,STORE-0007,2024-03-20,10,50.17,501.7,demand_lower_than_expected
PO-0580,SKU-0074,STORE-0001,2024-08-04,4,18.94,75.76,no_markdown_applied
PO-0581,SKU-0080,STORE-0001,2023-12-30,5,50.31,251.55,late_markdown
PO-0582,SKU-0050,STORE-0007,2024-09-20,2,54.27,108.54,late_markdown
PO-0583,SKU-0021,STORE-0005,2023-03-13,8,21.43,171.44,no_markdown_applied
PO-0584,SKU-0063,STORE-0004,2023-06-29,7,6.9,48.3,no_markdown_applied
PO-0585,SKU-0071,STORE-0010,2023-03-17,16,44.02,704.32,demand_lower_than_expected
PO-0586,SKU-0074,STORE-0003,2023-04-30,2,14.77,29.54,demand_lower_than_expected
PO-0587,SKU-0064,STORE-0008,2024-04-16,7,83.94,587.58,demand_lower_than_expected
PO-0588,SKU-0072,STORE-0005,2025-02-25,4,14.0,56.0,demand_lower_than_expected
PO-0589,SKU-0027,STORE-0001,2023-11-25,14,84.61,1184.54,late_markdown
PO-0590,SKU-0029,STORE-0001,2025-01-09,4,35.44,141.76,no_markdown_applied
PO-0591,SKU-0047,STORE-0006,2024-05-19,3,7.7,23.1,late_markdown
PO-0592,SKU-0046,STORE-0002,2023-08-25,30,19.54,586.2,demand_lower_than_expected
PO-0593,SKU-0014,STORE-0002,2024-08-23,4,11.86,47.44,no_markdown_applied
PO-0594,SKU-0053,STORE-0008,2023-08-05,2,11.59,23.18,late_markdown
PO-0595,SKU-0051,STORE-0009,2024-01-11,9,9.77,87.93,late_markdown
PO-0597,SKU-0058,STORE-0005,2023-06-04,9,27.67,249.03,no_markdown_applied
PO-0598,SKU-0068,STORE-0003,2023-07-26,4,36.68,146.72,late_markdown
PO-0599,SKU-0066,STORE-0009,2024-09-07,4,93.91,375.64,late_markdown
PO-0600,SKU-0017,STORE-0001,2024-08-26,8,7.45,59.6,demand_lower_than_expected
PO-0601,SKU-0050,STORE-0002,2024-12-05,4,57.39,229.56,late_markdown
PO-0602,SKU-0044,STORE-0002,2024-09-17,2,50.81,101.62,no_markdown_applied
PO-0603,SKU-0066,STORE-0002,2023-06-06,2,91.0,182.0,demand_lower_than_expected
PO-0604,SKU-0071,STORE-0010,2023-12-15,15,40.44,606.6,demand_lower_than_expected
PO-0605,SKU-0017,STORE-0004,2023-11-13,23,8.44,194.12,no_markdown_applied
PO-0606,SKU-0042,STORE-0005,2024-06-23,5,6.43,32.15,late_markdown
PO-0607,SKU-0074,STORE-0009,2024-09-06,3,20.21,60.63,late_markdown
PO-0608,SKU-0055,STORE-0009,2024-08-05,24,35.88,861.12,no_markdown_applied
PO-0609,SKU-0007,STORE-0005,2024-02-03,6,7.87,47.22,late_markdown
PO-0611,SKU-0070,STORE-0003,2023-11-11,1,48.48,48.48,late_markdown
PO-0612,SKU-0072,STORE-0009,2024-04-25,7,15.96,111.72,no_markdown_applied
PO-0613,SKU-0066,STORE-0001,2024-08-12,5,89.28,446.4,late_markdown
PO-0614,SKU-0007,STORE-0006,2024-11-03,3,9.44,28.32,no_markdown_applied
PO-0615,SKU-0002,STORE-0003,2023-12-27,16,11.57,185.12,no_markdown_applied
PO-0616,SKU-0048,STORE-0009,2024-06-02,11,13.68,150.48,demand_lower_than_expected
PO-0617,SKU-0025,STORE-0006,2024-01-31,1,50.71,50.71,demand_lower_than_expected
PO-0619,SKU-0017,STORE-0003,2023-10-30,5,8.19,40.95,no_markdown_applied
PO-0621,SKU-0079,STORE-0003,2023-05-07,9,5.09,45.81,late_markdown
PO-0622,SKU-0010,STORE-0005,2024-10-18,16,20.19,323.04,no_markdown_applied
PO-0623,SKU-0009,STORE-0010,2023-09-01,36,46.84,1686.24,late_markdown
PO-0624,SKU-0012,STORE-0003,2025-07-20,2,40.52,81.04,demand_lower_than_expected
PO-0625,SKU-0038,STORE-0009,2023-12-20,2,43.99,87.98,no_markdown_applied
PO-0626,SKU-0002,STORE-0004,2024-08-05,4,14.18,56.72,demand_lower_than_expected
PO-0627,SKU-0080,STORE-0002,2023-09-23,19,63.33,1203.27,demand_lower_than_expected
PO-0628,SKU-0015,STORE-0004,2023-12-10,5,22.74,113.7,late_markdown
PO-0629,SKU-0067,STORE-0004,2023-11-18,25,14.82,370.5,no_markdown_applied
PO-0630,SKU-0006,STORE-0008,2024-06-20,14,93.06,1302.84,demand_lower_than_expected
PO-0631,SKU-0013,STORE-0003,2023-12-19,8,57.22,457.76,late_markdown
PO-0632,SKU-0009,STORE-0009,2024-07-16,11,50.51,555.61,late_markdown
PO-0633,SKU-0069,STORE-0008,2024-03-20,20,39.72,794.4,late_markdown
PO-0634,SKU-0010,STORE-0004,2024-06-01,19,20.0,380.0,late_markdown
PO-0635,SKU-0005,STORE-0001,2024-06-27,4,28.86,115.44,late_markdown
PO-0636,SKU-0074,STORE-0004,2023-10-25,5,15.99,79.95,late_markdown
PO-0637,SKU-0052,STORE-0006,2024-03-31,1,4.31,4.31,late_markdown
PO-0638,SKU-0080,STORE-0003,2023-05-19,7,58.31,408.17,demand_lower_than_expected
PO-0639,SKU-0010,STORE-0005,2023-04-30,8,22.12,176.96,demand_lower_than_expected
PO-0640,SKU-0039,STORE-0009,2024-11-06,42,6.32,265.44,no_markdown_applied
PO-0641,SKU-0004,STORE-0003,2024-02-10,11,15.37,169.07,late_markdown
PO-0642,SKU-0070,STORE-0006,2023-06-09,10,63.36,633.6,late_markdown
PO-0643,SKU-0048,STORE-0009,2024-01-13,1,13.46,13.46,no_markdown_applied
PO-0644,SKU-0001,STORE-0004,2023-07-27,9,37.89,341.01,demand_lower_than_expected
PO-0645,SKU-0027,STORE-0003,2024-07-24,18,87.22,1569.96,late_markdown
PO-0647,SKU-0024,STORE-0009,2024-09-20,5,29.4,147.0,demand_lower_than_expected
PO-0648,SKU-0071,STORE-0009,2024-08-08,1,42.07,42.07,demand_lower_than_expected
PO-0649,SKU-0075,STORE-0010,2023-11-16,6,56.77,340.62,no_markdown_applied
PO-0650,SKU-0031,STORE-0001,2023-11-20,10,46.66,466.6,late_markdown
PO-0651,SKU-0058,STORE-0002,2023-08-08,13,27.15,352.95,no_markdown_applied
PO-0652,SKU-0073,STORE-0008,2024-09-08,9,9.03,81.27,no_markdown_applied
PO-0653,SKU-0032,STORE-0009,2023-08-23,12,8.65,103.8,no_markdown_applied
PO-0654,SKU-0047,STORE-0009,2024-04-04,1,8.55,8.55,no_markdown_applied
PO-0655,SKU-0046,STORE-0008,2024-05-22,20,16.67,333.4,demand_lower_than_expected
PO-0656,SKU-0078,STORE-0009,2023-06-25,3,60.43,181.29,no_markdown_applied
PO-0657,SKU-0010,STORE-0004,2024-09-08,11,14.66,161.26,late_markdown
PO-0658,SKU-0075,STORE-0004,2024-08-14,8,44.61,356.88,demand_lower_than_expected
PO-0659,SKU-0034,STORE-0009,2024-08-07,2,11.85,23.7,no_markdown_applied
PO-0660,SKU-0020,STORE-0003,2024-05-17,3,7.47,22.41,no_markdown_applied
PO-0661,SKU-0065,STORE-0010,2023-11-12,29,6.34,183.86,late_markdown
PO-0662,SKU-0031,STORE-0002,2024-11-27,26,63.46,1649.96,no_markdown_applied
PO-0663,SKU-0018,STORE-0006,2023-07-10,13,39.14,508.82,demand_lower_than_expected
PO-0664,SKU-0019,STORE-0003,2024-09-13,10,28.57,285.7,demand_lower_than_expected
PO-0665,SKU-0063,STORE-0006,2023-02-23,8,6.24,49.92,demand_lower_than_expected
PO-0666,SKU-0027,STORE-0003,2023-09-06,17,93.41,1587.97,demand_lower_than_expected
PO-0668,SKU-0067,STORE-0001,2023-12-31,23,15.19,349.37,no_markdown_applied
PO-0669,SKU-0073,STORE-0002,2023-10-22,14,7.41,103.74,no_markdown_applied
PO-0670,SKU-0010,STORE-0006,2024-03-21,7,16.2,113.4,demand_lower_than_expected
PO-0671,SKU-0045,STORE-0001,2024-07-20,6,89.13,534.78,no_markdown_applied
PO-0672,SKU-0018,STORE-0006,2023-01-24,7,39.28,274.96,no_markdown_applied
PO-0673,SKU-0028,STORE-0006,2024-07-22,1,8.49,8.49,demand_lower_than_expected
PO-0674,SKU-0054,STORE-0003,2023-07-13,6,7.24,43.44,demand_lower_than_expected
PO-0675,SKU-0062,STORE-0008,2024-07-19,10,26.84,268.4,no_markdown_applied
PO-0676,SKU-0006,STORE-0003,2024-03-05,6,80.96,485.76,late_markdown
PO-0677,SKU-0006,STORE-0009,2023-06-06,20,65.07,1301.4,no_markdown_applied
PO-0678,SKU-0052,STORE-0001,2023-10-26,2,5.78,11.56,no_markdown_applied
PO-0679,SKU-0037,STORE-0004,2023-03-04,1,44.96,44.96,no_markdown_applied
PO-0680,SKU-0029,STORE-0001,2025-05-06,12,34.69,416.28,no_markdown_applied
PO-0681,SKU-0080,STORE-0005,2024-09-09,26,52.24,1358.24,late_markdown
PO-0682,SKU-0076,STORE-0007,2024-01-09,3,68.16,204.48,late_markdown
PO-0683,SKU-0026,STORE-0004,2023-05-26,18,5.53,99.54,no_markdown_applied
PO-0684,SKU-0013,STORE-0004,2024-03-23,6,46.19,277.14,no_markdown_applied
PO-0685,SKU-0065,STORE-0010,2023-03-09,43,6.44,276.92,no_markdown_applied
PO-0686,SKU-0001,STORE-0001,2023-07-24,8,39.31,314.48,no_markdown_applied
PO-0687,SKU-0006,STORE-0005,2024-07-03,24,79.34,1904.16,late_markdown
PO-0688,SKU-0049,STORE-0002,2024-06-21,12,37.76,453.12,no_markdown_applied
PO-0689,SKU-0018,STORE-0010,2024-08-22,10,46.22,462.2,late_markdown
PO-0690,SKU-0070,STORE-0001,2023-04-09,13,45.98,597.74,late_markdown
PO-0691,SKU-0016,STORE-0010,2023-07-18,16,14.06,224.96,demand_lower_than_expected
PO-0692,SKU-0041,STORE-0002,2023-10-11,2,48.57,97.14,no_markdown_applied
PO-0693,SKU-0033,STORE-0005,2024-04-07,1,21.48,21.48,demand_lower_than_expected
PO-0694,SKU-0036,STORE-0003,2024-09-07,15,17.48,262.2,late_markdown
PO-0695,SKU-0072,STORE-0003,2025-03-09,2,15.56,31.12,demand_lower_than_expected
PO-0696,SKU-0040,STORE-0006,2025-01-27,7,12.15,85.05,late_markdown
PO-0697,SKU-0016,STORE-0006,2024-08-23,21,16.01,336.21,demand_lower_than_expected
PO-0698,SKU-0066,STORE-0010,2023-06-25,2,88.88,177.76,late_markdown
PO-0699,SKU-0001,STORE-0009,2023-04-28,11,29.17,320.87,demand_lower_than_expected
PO-0700,SKU-0012,STORE-0005,2025-05-08,1,41.45,41.45,late_markdown
PO-0701,SKU-0050,STORE-0005,2024-04-02,5,49.26,246.3,late_markdown
PO-0702,SKU-0008,STORE-0002,2023-11-10,5,41.75,208.75,late_markdown
PO-0703,SKU-0026,STORE-0009,2024-06-06,35,5.08,177.8,late_markdown
PO-0704,SKU-0077,STORE-0004,2023-11-01,3,52.37,157.11,demand_lower_than_expected
PO-0705,SKU-0047,STORE-0004,2023-07-12,1,8.46,8.46,late_markdown
PO-0706,SKU-0052,STORE-0010,2023-05-05,1,5.11,5.11,demand_lower_than_expected
PO-0707,SKU-0002,STORE-0005,2024-09-27,15,14.4,216.0,no_markdown_applied
PO-0708,SKU-0072,STORE-0006,2025-07-22,1,17.05,17.05,no_markdown_applied
PO-0709,SKU-0059,STORE-0007,2023-09-30,2,26.64,53.28,late_markdown
PO-0710,SKU-0014,STORE-0005,2023-08-06,16,7.94,127.04,no_markdown_applied
PO-0711,SKU-0066,STORE-0002,2023-12-25,1,92.24,92.24,demand_lower_than_expected
PO-0712,SKU-0049,STORE-0006,2023-10-27,24,35.94,862.56,late_markdown
PO-0713,SKU-0059,STORE-0005,2024-01-27,2,30.16,60.32,no_markdown_applied
PO-0714,SKU-0049,STORE-0005,2023-06-05,18,41.2,741.6,late_markdown
PO-0715,SKU-0053,STORE-0005,2023-11-06,4,13.23,52.92,demand_lower_than_expected
PO-0716,SKU-0012,STORE-0008,2024-10-01,2,50.59,101.18,demand_lower_than_expected
PO-0717,SKU-0023,STORE-0003,2023-05-28,16,71.29,1140.64,no_markdown_applied
PO-0718,SKU-0025,STORE-0008,2025-02-12,3,57.84,173.52,demand_lower_than_expected
PO-0719,SKU-0030,STORE-0003,2023-09-25,1,15.22,15.22,demand_lower_than_expected
PO-0720,SKU-0014,STORE-0008,2024-02-03,3,11.97,35.91,demand_lower_than_expected
PO-0721,SKU-0070,STORE-0007,2024-06-06,2,60.59,121.18,demand_lower_than_expected
PO-0722,SKU-0074,STORE-0004,2023-12-28,6,16.4,98.4,demand_lower_than_expected
PO-0723,SKU-0029,STORE-0010,2025-06-13,5,37.55,187.75,demand_lower_than_expected
PO-0724,SKU-0062,STORE-0010,2024-09-04,17,20.0,340.0,demand_lower_than_expected
PO-0725,SKU-0023,STORE-0002,2024-04-20,12,95.97,1151.64,demand_lower_than_expected
PO-0726,SKU-0002,STORE-0001,2024-07-23,1,14.21,14.21,demand_lower_than_expected
PO-0727,SKU-0047,STORE-0010,2024-08-27,4,9.23,36.92,no_markdown_applied
PO-0728,SKU-0035,STORE-0002,2024-09-19,1,44.13,44.13,demand_lower_than_expected
PO-0729,SKU-0055,STORE-0004,2024-02-13,13,44.92,583.96,late_markdown
PO-0730,SKU-0058,STORE-0008,2024-01-31,10,26.6,266.0,late_markdown
PO-0731,SKU-0035,STORE-0006,2023-10-25,3,31.67,95.01,no_markdown_applied
PO-0732,SKU-0020,STORE-0009,2024-02-07,4,9.02,36.08,late_markdown
PO-0733,SKU-0067,STORE-0004,2024-04-15,14,14.5,203.0,demand_lower_than_expected
PO-0734,SKU-0073,STORE-0007,2023-11-24,4,7.49,29.96,no_markdown_applied
PO-0735,SKU-0033,STORE-0001,2023-07-03,3,21.34,64.02,demand_lower_than_expected
PO-0736,SKU-0034,STORE-0005,2025-04-18,3,9.31,27.93,late_markdown
PO-0737,SKU-0053,STORE-0002,2023-11-27,1,12.19,12.19,late_markdown
PO-0738,SKU-0069,STORE-0001,2023-08-10,5,44.49,222.45,no_markdown_applied
PO-0739,SKU-0066,STORE-0003,2024-01-13,3,88.46,265.38,demand_lower_than_expected
PO-0740,SKU-0037,STORE-0008,2023-04-29,5,55.23,276.15,demand_lower_than_expected
PO-0741,SKU-0044,STORE-0008,2024-07-02,7,55.22,386.54,demand_lower_than_expected
PO-0742,SKU-0021,STORE-0003,2024-03-07,7,16.0,112.0,late_markdown
PO-0743,SKU-0078,STORE-0001,2024-01-07,26,49.39,1284.14,late_markdown
PO-0744,SKU-0067,STORE-0006,2024-02-19,15,12.59,188.85,no_markdown_applied
PO-0745,SKU-0031,STORE-0008,2023-07-27,40,45.83,1833.2,no_markdown_applied
PO-0746,SKU-0051,STORE-0002,2023-09-24,8,8.05,64.4,no_markdown_applied
PO-0747,SKU-0051,STORE-0009,2025-01-13,18,11.23,202.14,demand_lower_than_expected
PO-0749,SKU-0037,STORE-0004,2023-12-18,5,55.11,275.55,demand_lower_than_expected
PO-0750,SKU-0005,STORE-0007,2024-08-26,15,33.76,506.4,late_markdown
PO-0751,SKU-0070,STORE-0010,2024-05-18,7,53.18,372.26,demand_lower_than_expected
PO-0752,SKU-0077,STORE-0003,2024-07-17,1,55.22,55.22,no_markdown_applied
PO-0753,SKU-0069,STORE-0007,2024-08-15,5,43.28,216.4,no_markdown_applied
PO-0754,SKU-0012,STORE-0003,2025-07-11,3,42.45,127.35,no_markdown_applied
PO-0755,SKU-0002,STORE-0002,2023-10-28,1,13.27,13.27,late_markdown
PO-0757,SKU-0056,STORE-0003,2024-07-08,4,11.83,47.32,late_markdown
PO-0758,SKU-0025,STORE-0007,2023-07-17,1,61.43,61.43,late_markdown
PO-0759,SKU-0050,STORE-0006,2025-02-13,13,44.02,572.26,no_markdown_applied
PO-0760,SKU-0031,STORE-0008,2023-09-27,28,58.52,1638.56,demand_lower_than_expected
PO-0761,SKU-0069,STORE-0001,2023-10-19,10,32.24,322.4,demand_lower_than_expected
PO-0762,SKU-0038,STORE-0006,2023-03-23,3,38.59,115.77,no_markdown_applied
PO-0763,SKU-0080,STORE-0004,2024-04-21,27,44.25,1194.75,late_markdown
PO-0764,SKU-0003,STORE-0008,2024-06-06,1,57.23,57.23,no_markdown_applied
PO-0765,SKU-0057,STORE-0001,2023-11-06,2,6.03,12.06,late_markdown
PO-0766,SKU-0028,STORE-0010,2023-07-06,2,9.6,19.2,late_markdown
PO-0767,SKU-0005,STORE-0008,2024-03-25,6,28.98,173.88,no_markdown_applied
PO-0768,SKU-0051,STORE-0007,2023-09-01,9,10.18,91.62,demand_lower_than_expected
PO-0769,SKU-0049,STORE-0002,2023-08-21,19,27.82,528.58,no_markdown_applied
PO-0770,SKU-0057,STORE-0001,2023-10-20,2,8.77,17.54,demand_lower_than_expected
PO-0771,SKU-0013,STORE-0003,2023-08-15,23,50.42,1159.66,late_markdown
PO-0772,SKU-0040,STORE-0007,2024-11-03,4,10.99,43.96,late_markdown
PO-0773,SKU-0071,STORE-0004,2023-03-12,4,38.32,153.28,late_markdown
PO-0774,SKU-0007,STORE-0001,2024-11-06,5,10.77,53.85,no_markdown_applied
PO-0776,SKU-0032,STORE-0009,2024-10-23,1,12.2,12.2,late_markdown
PO-0777,SKU-0020,STORE-0003,2024-05-21,2,8.89,17.78,no_markdown_applied
PO-0778,SKU-0080,STORE-0001,2023-06-27,26,62.64,1628.64,late_markdown
PO-0779,SKU-0020,STORE-0002,2023-03-12,2,8.01,16.02,late_markdown
PO-0780,SKU-0041,STORE-0002,2023-07-17,2,59.12,118.24,demand_lower_than_expected
PO-0781,SKU-0003,STORE-0001,2025-04-07,2,44.01,88.02,demand_lower_than_expected
PO-0782,SKU-0006,STORE-0007,2023-05-31,25,85.92,2148.0,demand_lower_than_expected
PO-0783,SKU-0063,STORE-0007,2023-11-15,13,8.13,105.69,no_markdown_applied
PO-0784,SKU-0060,STORE-0007,2024-01-29,4,91.92,367.68,demand_lower_than_expected
PO-0785,SKU-0068,STORE-0010,2024-09-23,1,45.6,45.6,no_markdown_applied
PO-0786,SKU-0001,STORE-0007,2024-09-13,7,38.61,270.27,no_markdown_applied
PO-0787,SKU-0047,STORE-0002,2023-07-18,5,8.33,41.65,no_markdown_applied
PO-0788,SKU-0050,STORE-0007,2024-03-17,4,47.26,189.04,late_markdown
PO-0789,SKU-0037,STORE-0010,2024-08-21,5,49.74,248.7,late_markdown
PO-0790,SKU-0009,STORE-0007,2023-05-11,7,54.18,379.26,no_markdown_applied
PO-0791,SKU-0014,STORE-0007,2023-08-03,20,8.51,170.2,late_markdown
PO-0792,SKU-0050,STORE-0002,2025-08-19,6,46.5,279.0,no_markdown_applied
PO-0793,SKU-0029,STORE-0002,2024-09-21,7,39.98,279.86,late_markdown
PO-0794,SKU-0011,STORE-0010,2023-10-13,9,15.01,135.09,no_markdown_applied
PO-0795,SKU-0054,STORE-0005,2024-03-15,2,7.38,14.76,no_markdown_applied
PO-0796,SKU-0068,STORE-0009,2023-05-11,1,51.94,51.94,late_markdown
PO-0797,SKU-0013,STORE-0001,2023-04-09,4,51.74,206.96,no_markdown_applied
PO-0798,SKU-0068,STORE-0009,2024-04-04,2,41.13,82.26,no_markdown_applied
PO-0799,SKU-0072,STORE-0001,2024-07-12,3,20.53,61.59,demand_lower_than_expected
PO-0800,SKU-0059,STORE-0003,2024-09-19,5,27.75,138.75,late_markdown
